タイトル,名前,本文,削除キー,"2020/12/01 17:59:03","Mozilla/5.0 (Windows NT 10.0; Win64; x64; rv:83.0) Gecko/20100101 Firefox/83.0",114.158.36.43
タイトル2,おなまえ2,"本文
本文",1234,"2020/12/01 17:59:23","Mozilla/5.0 (Windows NT 10.0; Win64; x64; rv:83.0) Gecko/20100101 Firefox/83.0",114.158.36.43
タイトル,おなまえ2,本文,123456,"2020/12/01 18:11:51","Mozilla/5.0 (Windows NT 10.0; Win64; x64; rv:83.0) Gecko/20100101 Firefox/83.0",114.158.36.43
タイトルほげ,おなまえ,ほんぶん,あああああ,"2020/12/01 18:16:36","Mozilla/5.0 (Windows NT 10.0; Win64; x64; rv:83.0) Gecko/20100101 Firefox/83.0",114.158.36.43
aaa,唐澤,aa,aa,"2020/12/06 23:16:18","Mozilla/5.0 (Windows NT 10.0; Win64; x64) AppleWebKit/537.36 (KHTML, like Gecko) Chrome/87.0.4280.88 Safari/537.36",113.154.5.107
タイトル,名前,本文,1234,"2020/12/08 18:40:15","Mozilla/5.0 (Windows NT 10.0; Win64; x64; rv:83.0) Gecko/20100101 Firefox/83.0",114.158.36.43
タイトル,名前,本文本文本文,1234,"2020/12/15 17:00:36","Mozilla/5.0 (Windows NT 10.0; Win64; x64; rv:83.0) Gecko/20100101 Firefox/83.0",114.158.36.43
タイトル,名前,"タイトル: 2020/12/15 17:00:36",1234,"2020/12/15 17:31:14","Mozilla/5.0 (Windows NT 10.0; Win64; x64; rv:83.0) Gecko/20100101 Firefox/83.0",114.158.36.43
タイトル,お名前,名前名前名前名前名前,123,"2020/12/15 18:43:38","Mozilla/5.0 (Windows NT 10.0; Win64; x64; rv:83.0) Gecko/20100101 Firefox/83.0",114.158.36.43
タイトル,名前,本文本文本文本文本文,1234,"2020/12/22 17:46:01","Mozilla/5.0 (Windows NT 10.0; Win64; x64; rv:84.0) Gecko/20100101 Firefox/84.0",153.206.230.211
タイトル,名前,本文本文本文本文,1111,"2020/12/22 17:46:18","Mozilla/5.0 (Windows NT 10.0; Win64; x64; rv:84.0) Gecko/20100101 Firefox/84.0",153.206.230.211
